load_zone,period,Battery,Biodiesel/Coal/Diesel/LNG/LSFO/Pellet-Biomass,Biodiesel/Diesel/LNG,Biodiesel/Diesel/LNG/LSFO,MSW,SUN,WND,hydro,batteries,fuel cells
Oahu,2020,282.21741064779997,180.0,49.9,806.74,73.0,592.8321093973,608.281794032,0,0.0,0
Oahu,2025,402.36866811349,180.0,215.8,525.54,73.0,959.7296075109999,611.1413933814799,0,0.0,0
Oahu,2030,426.15578766159,180.0,102.8,391.14,73.0,1024.9602910007,622.22172962078,0,0.0,0
Oahu,2035,481.15241453079,180.0,110.8,391.14,73.0,1336.5514498756997,553.22172962078,0,0.0,0
Oahu,2040,588.0417203761,180.0,0.0,256.84000000000003,73.0,1456.2956177147669,597.9399355887799,0,0.0,0
Oahu,2045,1204.4558599370002,180.0,0.0,48.84,73.0,2873.234231376227,646.2208265155,0,0.0,0
