load_zone,period,AES,Airport_DSG,Battery_4,Battery_6,Battery_Conting,Battery_Reg,CIP_CT,CentralTrackingPV,FlatDistPV,H-Power,Honolulu_8,Honolulu_9,IC_Schofield,Kahe_1,Kahe_2,Kahe_3,Kahe_4,Kahe_5,Kahe_6,Kalaeloa_CC1,Kalaeloa_CC2,Kalaeloa_CC3,OnshoreWind,SlopedDistPV,Waiau_10,Waiau_6,Waiau_7,Waiau_8,Waiau_9,hydro,batteries,fuel cells
Oahu,2020,180.0,8.0,0.174348323052,0.0,180.0,104.748909484,113.0,139.90914016760001,180.264,73.0,53.4,54.4,48.84,0.0,82.1,86.1,0.0,134.3,134.4,90.0,90.0,28.0,632.6734654978,263.736,49.9,53.5,82.9,86.1,0.0,0,0.0,0
Oahu,2025,180.0,8.0,126.138200024052,0.0,180.0,104.748909484,113.0,493.2193382066,180.264,73.0,0.0,0.0,48.84,0.0,0.0,0.0,0.0,134.3,134.4,90.0,90.0,28.0,632.6734654978,263.736,49.9,0.0,0.0,0.0,52.9,0,0.0,0
Oahu,2030,180.0,8.0,126.138200024052,5.18826104074,180.0,104.748909484,0.0,514.2040283946,180.264,73.0,0.0,0.0,48.84,0.0,0.0,0.0,0.0,134.3,0.0,90.0,90.0,28.0,632.6734654978,263.736,49.9,0.0,0.0,0.0,52.9,0,0.0,0
Oahu,2035,180.0,8.0,125.963851701,203.61587794574,127.887043213,0.0,0.0,856.8984023132,180.264,73.0,0.0,0.0,48.84,0.0,0.0,0.0,0.0,134.3,0.0,90.0,90.0,28.0,577.0344092944999,263.736,49.9,0.0,0.0,0.0,52.9,0,0.0,0
Oahu,2040,180.0,0.0,0.0,440.82595234573995,127.887043213,0.0,0.0,1311.7376203249,133.997239412,73.0,0.0,0.0,48.84,0.0,0.0,0.0,0.0,0.0,0.0,90.0,90.0,28.0,602.1613688146999,0.0,0.0,0.0,0.0,0.0,0.0,0,0.0,0
Oahu,2045,180.0,0.0,0.0,1080.19763168,127.887043213,0.0,0.0,1116.9143556569002,1287.208244257,73.0,0.0,0.0,48.84,0.0,0.0,0.0,0.0,0.0,0.0,0.0,0.0,0.0,646.9257392691,468.56100277045,0.0,0.0,0.0,0.0,0.0,0,0.0,0
