load_zone,period,AES,Airport_DSG,Battery_4,Battery_6,Battery_Conting,Battery_Reg,CIP_CT,CentralTrackingPV,FlatDistPV,H-Power,Honolulu_8,Honolulu_9,IC_Schofield,Kahe_1,Kahe_2,Kahe_3,Kahe_4,Kahe_5,Kahe_6,Kalaeloa_CC1,Kalaeloa_CC2,Kalaeloa_CC3,OnshoreWind,SlopedDistPV,Waiau_10,Waiau_6,Waiau_7,Waiau_8,Waiau_9,hydro,batteries,fuel cells
Oahu,2020,180.0,0.0,23.0250628966,0.0,180.0,79.1923477512,0.0,148.8321093973,180.264,73.0,53.4,54.4,48.84,0.0,82.1,86.1,0.0,134.3,0.0,90.0,90.0,28.0,608.281794032,263.736,49.9,53.5,0.0,86.1,0.0,0,0.0,0
Oahu,2025,180.0,0.0,136.1006324766,7.07568788569,180.0,79.1923477512,113.0,515.729607511,180.264,73.0,0.0,0.0,48.84,0.0,0.0,0.0,0.0,134.3,134.4,90.0,90.0,28.0,611.1413933814799,263.736,49.9,0.0,0.0,0.0,52.9,0,0.0,0
Oahu,2030,180.0,0.0,136.1006324766,30.862807433790003,180.0,79.1923477512,0.0,580.9602910007001,180.264,73.0,0.0,0.0,48.84,0.0,0.0,0.0,0.0,134.3,0.0,90.0,90.0,28.0,622.22172962078,263.736,49.9,0.0,0.0,0.0,52.9,0,0.0,0
Oahu,2035,180.0,8.0,113.07556958,244.21211674379,123.864728207,0.0,0.0,892.5514498757,180.264,73.0,0.0,0.0,48.84,0.0,0.0,0.0,0.0,134.3,0.0,90.0,90.0,28.0,553.22172962078,263.736,49.9,0.0,0.0,0.0,52.9,0,0.0,0
Oahu,2040,180.0,0.0,0.0,464.1769921691,123.864728207,0.0,0.0,1330.245410279767,126.050207435,73.0,0.0,0.0,48.84,0.0,0.0,0.0,0.0,0.0,0.0,90.0,90.0,28.0,597.9399355887799,0.0,0.0,0.0,0.0,0.0,0.0,0,0.0,0
Oahu,2045,180.0,0.0,0.0,1080.5911317300001,123.864728207,0.0,0.0,1117.697938521267,1287.208244257,73.0,0.0,0.0,48.84,0.0,0.0,0.0,0.0,0.0,0.0,0.0,0.0,0.0,646.2208265155,468.32804859796,0.0,0.0,0.0,0.0,0.0,0,0.0,0
