load_zone,period,Battery,Biodiesel/Coal/Diesel/LNG/LSFO/Pellet-Biomass,Biodiesel/Diesel/LNG,Biodiesel/Diesel/LNG/LSFO,MSW,SUN,WND,hydro,batteries,fuel cells
Oahu,2020,284.923257807052,180.0,170.9,1024.04,73.0,583.9091401676001,632.6734654978,0,0.0,0
Oahu,2025,410.88710950805205,180.0,223.8,525.54,73.0,937.2193382065999,632.6734654978,0,0.0,0
Oahu,2030,416.07537054879197,180.0,110.8,391.14,73.0,958.2040283946,632.6734654978,0,0.0,0
Oahu,2035,457.46677285974,180.0,110.8,391.14,73.0,1300.8984023131998,577.0344092944999,0,0.0,0
Oahu,2040,568.71299555874,180.0,0.0,256.84000000000003,73.0,1445.7348597369,602.1613688146999,0,0.0,0
Oahu,2045,1208.084674893,180.0,0.0,48.84,73.0,2872.6836026843507,646.9257392691,0,0.0,0
