PERIOD,SystemCostPerPeriod_NPV,SystemCostPerPeriod_Real,EnergyCostReal_per_MWh,SystemDemand_MWh
2020,4047529079.5340695,994720721.5528202,25.142762876571435,39562904.30117059
2025,3778646383.5031657,1076548406.0103204,26.198679378543982,41091705.06098047
2030,3230083778.8194885,1066834916.416675,25.340529375698182,42099945.92456226
2035,2850462272.7062697,1091402276.3800855,25.475055736998396,42841997.58570107
2040,2537041181.566687,1126116179.6886358,25.614235428072384,43964465.88659244
2045,2077581477.1404393,1069054558.4754664,23.771111640361607,44972846.64888326
