PERIOD,EnergyCostReal_per_MWh,SystemCostPerPeriod_NPV,SystemCostPerPeriod_Real,SystemDemand_MWh
2020,25.239074928456123,3840592755.2220874,943864051.7697834,37396935.285675295
2025,25.289730693505184,3201924812.0780115,912238590.9558849,36071502.7776141
2030,26.62199596093357,2804113622.101158,926145117.7438109,34788718.287797876
2035,27.454576919185836,2546450044.9434576,975000231.4890655,35513212.76445221
2040,25.29118063260772,2094010588.4841032,929468240.9037936,36750686.11488376
2045,25.864862447199684,1892274729.7472334,973701848.9924979,37645738.53737691
