load_zone,period,Biodiesel,Coal,Diesel,LNG,LSFO,Motor_Diesel,Motor_Gasoline,Pellet-Biomass,Battery,MSW,SUN,WND
Oahu,2020,3.303027602886034,1416.9573997307507,18.059283870050837,0.0,3171.4531040563147,0,0,0,65.09144065317354,374.92800000000045,1597.4023345559274,1362.3561382528671
Oahu,2025,4.118705991376667,0,25.11317564486966,0.0,3792.6209541947137,0,0,0,93.53918876498855,374.92800000000045,2284.4635715289064,1811.242291906593
Oahu,2030,4.9615117057405635,0,15.421687100636577,0.0,2418.433616250511,0,0,0,861.9605743755699,374.92800000000045,4039.2151895937673,1807.884592353359
Oahu,2035,4.705202758167658,0,25.230498824460348,0.0,2343.5192199151593,0,0,0,980.9462970218667,374.92800000000045,4410.322734349773,1806.6445394223567
Oahu,2040,2.820466587159286,0,12.996665506387371,0.0,2017.2868709139088,0,0,0,1336.228846480131,374.92800000000045,5252.207981516881,1804.5957665096964
Oahu,2045,506.8985626989385,0,0.0,0.0,0.0,0,0,0,2428.2000240867656,374.92800000000045,7696.4736096281795,1611.9626416254225
