load_zone,period,AES,Airport_DSG,Battery_4,Battery_6,Battery_Conting,Battery_Reg,CIP_CT,CentralTrackingPV,FlatDistPV,H-Power,Honolulu_8,Honolulu_9,IC_Schofield,Kahe_1,Kahe_2,Kahe_3,Kahe_4,Kahe_5,Kahe_6,Kalaeloa_CC1,Kalaeloa_CC2,Kalaeloa_CC3,OnshoreWind,SlopedDistPV,Waiau_10,Waiau_6,Waiau_7,Waiau_8,Waiau_9
Oahu,2020,1501.6796042238032,0.974,0.2428358313133011,0.0,0.0,0.0,2.739375,391.94187302563404,367.8497901641662,375.1848000000005,10.609903902826687,19.919946221470937,45.75447176532796,0.0,32.39071146826813,318.84374585220274,0.0,547.4903100316008,79.18248959836633,641.2919161438822,574.9048855315881,84.2565930718864,2036.2965593374338,504.80162669747926,2.9737840843566126,4.3756978149939245,4.7171994177514875,17.51428582858571,0.0
Oahu,2025,1451.2822991658084,0.974,216.38739522173532,0.0,0.0,0.0,9.442844808730838,1347.9497961968855,359.25022481780337,375.1848000000005,0,0,72.49462394112996,0,0,0,0,163.69444314232538,50.56881089449104,568.2703376003155,490.6455457780762,57.759593734671256,2019.386342031796,478.02753828073065,2.3007437407006996,0,0,0,4.234046253963125
Oahu,2030,1382.4941540191032,0.487,188.598264778912,9.278734893285453,0.0,0.0,0.0,1410.2801041702521,361.1503930808016,375.1848000000005,0,0,59.05172743961125,0,0,0,0,166.93002594527988,0.0,698.851148163068,339.4339417410551,51.63829020350015,2012.220294067112,490.60790816592527,7.573345288125163,0,0,0,0.0
Oahu,2035,1336.0104603886048,0.974,139.3254010999809,371.09629778736206,0.0,0.0,0.0,2304.6457814670575,348.7269586777937,375.1848000000005,0,0,26.605010184058933,0,0,0,0,76.86745952661944,0.0,554.9109936178488,343.5742785775294,35.8258541985013,1844.611422532008,483.51498660815776,1.0774875,0,0,0,1.4962850321697752
Oahu,2040,1280.049158336912,0.0,0.0,754.9206897235038,82.21090685872353,0.0,0.0,3456.254748406423,277.0851991103249,375.1848000000005,0,0,36.61476034598198,0,0,0,0,0.0,0.0,472.0856250000005,358.27723403143773,37.18587167966593,1932.9670315815981,0.0,0.0,0,0,0,0.0
Oahu,2045,338.1975165084931,0.0,0.0,1966.6011819216105,0.0,0.0,0.0,2871.81552026031,2449.3506397542374,375.1848000000005,0,0,0.9698766472246313,0,0,0,0,0,0,0.0,0.0,0.0,1923.4722867692758,812.4168108969526,0.0,0,0,0,0.0
