load_zone,period,Biodiesel,Coal,Diesel,LNG,LSFO,Pellet-Biomass,MSW,SUN,WND,Battery
Oahu,2020,0.41874188606194696,1501.6796042238032,12.803878775791777,0.0,2374.716695071251,0.0,375.1848000000005,1264.5932898872816,2036.2965593374338,0.2428358313133011
Oahu,2025,0.41874188606194696,1451.2822991658084,29.01999256351079,0.0,1390.946255444831,0.0,375.1848000000005,2185.227559295421,2019.386342031796,216.38739522173532
Oahu,2030,0.20937094303097348,1382.4941540191032,17.92283348077256,0.0,1305.833274356837,0.0,375.1848000000005,2262.038405416981,2012.220294067112,197.8769996721977
Oahu,2035,0.20937094303097348,1336.0104603886048,10.44981523010833,0.0,1030.6721824635886,0.0,375.1848000000005,3136.8877267530097,1844.611422532008,510.4216988873428
Oahu,2040,0.0,1280.049158336912,3.665453002539523,0.0,900.4980380545461,0.0,375.1848000000005,3733.339947516747,1932.9670315815981,837.1315965822266
Oahu,2045,0.9698766472246313,0.0,0.0,0.0,0.0,338.1975165084931,375.1848000000005,6133.582970911496,1923.4722867692758,1966.6011819216105
