load_zone,period,Biodiesel,Coal,Diesel,LNG,LSFO,Pellet-Biomass,MSW,SUN,WND,Battery,UnservedLoad
Oahu,2020,0.0,1521.2173670819275,6.9048308935593425,0.0,2399.908214043001,0.0,375.1848000000005,1291.27290237855,1975.0833900293637,28.68102762595923,0.0
Oahu,2025,0.24752901994202903,1454.5876921627469,28.53268076232154,0.0,1383.1881572691584,0.0,375.1848000000005,2249.06850418142,1964.287509640382,243.01386797622243,0.0
Oahu,2030,0.0,1324.2047205455751,10.259627499114162,0.0,1241.5656973207365,0.0,375.1848000000005,2408.4429281042453,2002.5467287874574,244.08704614325094,0.0
Oahu,2035,0.20937094303097356,1339.545756059206,10.049154074431986,0.0,1006.702712033007,0.0,375.1848000000005,3225.9196431561295,1788.4167631218907,598.439453452566,0.0
Oahu,2040,0.0,1221.516532322244,3.665453002539523,0.0,931.936814891315,0.0,375.1848000000005,3783.6153570365045,1916.3083802184258,884.9662624301753,0.0
Oahu,2045,0.9910450000000001,0.0,0.0,0.0,0.0,338.13152494525093,375.1848000000005,6170.436110663911,1894.256884566438,2022.282553740654,0.0
