load_zone,period,Biodiesel,Coal,Diesel,LNG,LSFO,Motor_Diesel,Motor_Gasoline,Pellet-Biomass,Battery,MSW,SUN,WND
Oahu,2020,4.303967940686928,1407.0072742093716,27.028621145945472,0.0,3122.7723928799583,0,0,0,0.7392000833267109,374.92800000000045,1597.4023345559272,1403.8664483847008
Oahu,2025,1.950959911196488,0,26.89469443396968,0.0,3853.455849113545,0,0,0,72.35032633369137,374.92800000000045,2245.0194876450496,1787.883390114772
Oahu,2030,4.056917649914703,0,19.156245997784566,0.0,2413.736627452213,0,0,0,863.2094907325377,374.92800000000045,4041.3180349924824,1807.787539395735
Oahu,2035,2.4806494345310277,0,13.022236288586205,0.0,2363.915128217471,0,0,0,973.9900397202921,374.92800000000045,4404.2387744672,1805.9924893841776
Oahu,2040,3.2187626759505727,0,13.939855979634947,0.0,2020.4130947458766,0,0,0,1330.5145156300885,374.92800000000045,5245.874735564174,1805.8263764184032
Oahu,2045,516.8372269009872,0,0.0,0.0,0.0,0,0,0,2417.1204948416776,374.92800000000045,7678.853373114638,1618.4131551319133
