scenario,max_demand_response_share,total_cost,cost_per_kwh,cost_per_kwh_2020,cost_per_kwh_2025,cost_per_kwh_2030,cost_per_kwh_2035,cost_per_kwh_2040,cost_per_kwh_2045,renewable_share_all_years,renewable_share_2020,renewable_share_2025,renewable_share_2030,renewable_share_2035,renewable_share_2040,renewable_share_2045,biofuel_share_all_years,biofuel_share_2020,biofuel_share_2025,biofuel_share_2030,biofuel_share_2035,biofuel_share_2040,biofuel_share_2045
dr_bulk_long,0.1,16310745985.983658,0.12186506625419573,0.12350139849125495,0.12247274474605091,0.12599920383368574,0.12712752915867814,0.11416751095177718,0.11444526434106857,0.7021645582316439,0.48588733017141694,0.6146171380551518,0.6320697018260708,0.6926126318724679,0.7344649727714189,1.0000000000000009,0.007200364100000604,0.0,0.0,0.0,0.0,0.0,0.03866738548593746
