scenario,max_demand_response_share,total_cost,cost_per_kwh,cost_per_kwh_2020,cost_per_kwh_2025,cost_per_kwh_2030,cost_per_kwh_2035,cost_per_kwh_2040,cost_per_kwh_2045,renewable_share_all_years,renewable_share_2020,renewable_share_2025,renewable_share_2030,renewable_share_2035,renewable_share_2040,renewable_share_2045,biofuel_share_all_years,biofuel_share_2020,biofuel_share_2025,biofuel_share_2030,biofuel_share_2035,biofuel_share_2040,biofuel_share_2045
dr_bulk_long,0.1,18534597280.940903,0.12299171549851307,0.12565850394488817,0.12991439089929607,0.12470222806381269,0.12315511108727628,0.12094733359400724,0.10781489676245178,0.7146054789584373,0.4198035513220706,0.5391844775190031,0.718623147904045,0.735303877232506,0.7851939477359257,0.9999999999999977,0.009531099581383411,5.359076567494594e-05,6.587226023093868e-05,0.00021425460749397086,4.0320294155896276e-05,0.0,0.0497434238894104
