load_zone,period,Battery,Biodiesel/Coal/Diesel/LNG/LSFO/Pellet-Biomass,Biodiesel/Diesel/LNG,Biodiesel/Diesel/LNG/LSFO,MSW,SUN,WND,hydro,batteries,fuel cells
Oahu,2020,260.8716925035,180.0,57.9,952.1260000000001,73.0,647.8816411554001,586.5,0,0.0,0
Oahu,2025,308.82726290150003,180.0,223.8,676.126,73.0,876.55456233314,586.5,0,0.0,0
Oahu,2030,363.52209236240003,180.0,121.0,541.726,73.0,927.1993224325399,586.8949734835539,0,0.0,0
Oahu,2035,402.3980234229,180.0,8.0,407.42600000000004,73.0,1191.8879913361397,586.8949734835539,0,0.0,0
Oahu,2040,555.9217908399,180.0,0.0,407.42600000000004,73.0,1368.2831613305402,636.4206853100541,0,0.0,0
Oahu,2045,1233.050214784,180.0,0.0,150.586,73.0,2800.8833872737405,661.156724731854,0,0.0,0
