load_zone,period,AES,Airport_DSG,Battery_4,Battery_6,Battery_Conting,Battery_Reg,CC_152,CIP_CT,CentralTrackingPV,FlatDistPV,H-Power,Honolulu_8,Honolulu_9,IC_Schofield,Kahe_1,Kahe_2,Kahe_3,Kahe_4,Kahe_5,Kahe_6,Kalaeloa_CC1,Kalaeloa_CC2,Kalaeloa_CC3,OnshoreWind,SlopedDistPV,Waiau_10,Waiau_6,Waiau_7,Waiau_8,Waiau_9,hydro,batteries,fuel cells
Oahu,2020,180.0,8.0,0.503699936003,0.0,180.0,81.3402682971,150.586,0.0,154.957574196,180.264,73.0,53.4,54.4,48.84,0.0,82.1,86.1,0.0,134.3,134.4,90.0,90.0,28.0,598.7535628945,263.736,49.9,0.0,0.0,0.0,0.0,0,0.0,0
Oahu,2025,180.0,8.0,35.800850274303,0.0,180.0,89.63811177036999,150.586,0.0,421.78990041932,180.264,73.0,0.0,0.0,48.84,0.0,0.0,0.0,0.0,134.3,134.4,90.0,90.0,28.0,598.7535628945,263.736,49.9,0.0,0.0,0.0,52.9,0,0.0,0
Oahu,2030,180.0,8.0,35.800850274303,39.5402855526,180.0,98.18118679599999,150.586,113.0,466.82990497062,180.264,73.0,0.0,0.0,48.84,0.0,0.0,0.0,0.0,134.3,0.0,90.0,90.0,28.0,598.7535628945,263.736,49.9,0.0,0.0,0.0,0.0,0,0.0,0
Oahu,2035,180.0,8.0,35.2971503383,181.92817127159998,147.661826954,16.8409184989,150.586,0.0,762.3248313476199,180.264,73.0,0.0,0.0,48.84,0.0,0.0,0.0,0.0,0.0,0.0,90.0,90.0,28.0,598.7535628945,263.736,49.9,0.0,0.0,0.0,0.0,0,0.0,0
Oahu,2040,180.0,0.0,0.0,379.94809357959997,147.661826954,8.54307502563,150.586,0.0,1307.87894660472,60.9591850448,73.0,0.0,0.0,48.84,0.0,0.0,0.0,0.0,0.0,0.0,90.0,90.0,28.0,636.5,4.83169060317e-13,49.9,0.0,0.0,0.0,0.0,0,0.0,0
Oahu,2045,180.0,0.0,0.0,995.2770878059999,147.661826954,0.0,150.586,0.0,1167.80572501542,1287.2082442568,73.0,0.0,0.0,0.0,0.0,0.0,0.0,0.0,0.0,0.0,0.0,0.0,0.0,681.5,267.7203584621305,0.0,0.0,0.0,0.0,0.0,0,0.0,0
