load_zone,period,Battery,Biodiesel/Coal/Diesel/LNG/LSFO/Pellet-Biomass,Biodiesel/Diesel/LNG,Biodiesel/Diesel/LNG/LSFO,MSW,SUN,WND,hydro,batteries,fuel cells
Oahu,2020,261.843968233103,180.0,57.9,952.1260000000001,73.0,598.957574196,598.7535628945,0,0.0,0
Oahu,2025,305.43896204467296,180.0,110.8,676.126,73.0,865.78990041932,598.7535628945,0,0.0,0
Oahu,2030,353.52232262290295,180.0,170.9,541.726,73.0,910.82990497062,598.7535628945,0,0.0,0
Oahu,2035,381.7280670628,180.0,57.9,407.42600000000004,73.0,1206.3248313476197,598.7535628945,0,0.0,0
Oahu,2040,536.1529955592299,180.0,49.9,407.42600000000004,73.0,1368.8381316495206,636.5,0,0.0,0
Oahu,2045,1142.93891476,180.0,0.0,150.586,73.0,2722.73432773435,681.5,0,0.0,0
