PERIOD,SystemCostPerPeriod_NPV,SystemCostPerPeriod_Real,EnergyCostReal_per_MWh,SystemDemand_MWh
2020,3745110606.325949,920398359.4476138,24.611598581978175,37396935.285689846
2025,3180943206.088313,906260864.4921544,25.124011884930265,36071502.77761739
2030,2783701681.531227,919403444.0279102,26.428206880803433,34788718.28779781
2035,2546795263.5958114,975132410.8996248,27.458298897577986,35513212.764452726
2040,2101734929.4515095,932896843.2473537,25.384474192703365,36750686.11488159
2045,1938840943.4935145,997663278.9648733,26.501360252880836,37645738.53738025
