PERIOD,EnergyCostReal_per_MWh,SystemCostPerPeriod_NPV,SystemCostPerPeriod_Real,SystemDemand_MWh
2020,24.5628577841362,3737693791.1056476,918575602.9849446,37396935.285689846
2025,25.077134013732223,3175008013.6283565,904569909.2310253,36071502.77761739
2030,26.36031720899074,2776550814.4884515,917041649.3605675,34788718.28779781
2035,27.370227295325684,2538626500.4721336,972004705.3503325,35513212.764452726
2040,25.431159873926067,2105600320.8000212,934612574.0640286,36750686.11488159
2045,26.38841939079726,1930578183.9403596,993411536.8006886,37645738.53738025
