PERIOD,EnergyCostReal_per_MWh,SystemCostPerPeriod_NPV,SystemCostPerPeriod_Real,SystemDemand_MWh
2020,24.507636648256078,3729290872.4157104,916510501.7396767,37396935.285675295
2025,25.13009616768675,3181713535.205316,906480333.7144222,36071502.7776141
2030,26.373429902430946,2777931983.7423353,917497823.1586548,34788718.287797876
2035,27.383658994871062,2539872309.213265,972481708.1540617,35513212.76445221
2040,25.41353072525306,2104140696.4147322,933964690.7547294,36750686.11488376
2045,26.395366579508423,1931086440.6404803,993673068.8503908,37645738.53737691
