load_zone,period,AES,Airport_DSG,Battery_4,Battery_6,Battery_Conting,Battery_Reg,CC_152,CIP_CT,CentralTrackingPV,FlatDistPV,H-Power,Honolulu_8,Honolulu_9,IC_Schofield,Kahe_1,Kahe_2,Kahe_3,Kahe_4,Kahe_5,Kahe_6,Kalaeloa_CC1,Kalaeloa_CC2,Kalaeloa_CC3,OnshoreWind,SlopedDistPV,Waiau_10,Waiau_6,Waiau_7,Waiau_8,Waiau_9
Oahu,2020,1506.830591983545,3.4090000000000003,0.0,0.0,0.0,0.0,927.274077385209,0.0,573.9587500106808,367.8497901641662,375.1848000000005,18.28207428405225,13.713292488897226,43.08046743534079,4.443875,0.0,92.04425164649196,0.0,125.48022553240183,55.749011184200626,433.67958749999997,560.6839500233076,36.171213189124174,1920.370937344716,504.7496099523596,2.7049500804330497,0.0,0.0,0.0,0.0
Oahu,2025,1476.8790185081396,0.0,75.58052145209939,0.0,0.0,0.0,588.1238258573425,2.739375,1194.5082899750207,354.1472276281094,375.1848000000005,0,0,42.21729042703171,0,0,0,0,90.04191582228789,6.6366764192860375,421.09688389673454,459.6967389582904,17.553324457091573,1904.1087505803414,489.80562314779644,9.166149877822324,0,0,0,0.3591625
Oahu,2030,1453.5368827194718,0.974,70.79050086480426,75.26209195786343,48.213,27.245834712156935,516.3773841248556,4.562294811301312,1317.6634189757451,365.04088753837493,375.1848000000005,0,0,45.73263138957067,0,0,0,0,11.68314128371695,0.0,263.95550904499714,571.6786510659638,18.58132471365956,1916.7214189584158,497.4336641844269,0.0,0,0,0,0.0
Oahu,2035,1395.147114049224,0.487,42.2857877306557,336.1348324675826,40.30086486125812,5.584351875088375,381.7990835492211,0.0,2005.0424575923216,358.3733209248408,375.1848000000005,0,0,14.152232815496312,0,0,0,0,0.0,0.0,353.0808113424191,421.8116038566138,9.334497842335079,1910.2874592142289,497.58232503935676,0.0,0,0,0,0.0
Oahu,2040,1294.884111907694,0.0,0.0,762.8081756452463,72.5415567502646,7.3841552249007005,230.5016971608676,0.0,3492.9649591365805,94.41079885938225,375.1848000000005,0,0,11.5816532256,0,0,0,0,0.0,0.0,285.37062978506253,419.7890326976253,0.0,2021.7806944972817,5.742582636472852e-13,0.0,0,0,0,0.0
Oahu,2045,320.9711004929999,0.0,0.0,1989.92217019086,0.0,0.0,19.93400575,0.0,3148.906629691585,2496.139339904684,375.1848000000005,0,0,0.0,0,0,0,0,0,0,0.0,0.0,0.0,1922.7118749834608,490.7398347778464,0.0,0,0,0,0.0
