load_zone,period,Biodiesel,Coal,Diesel,LNG,LSFO,Pellet-Biomass,MSW,SUN,WND,Battery,UnservedLoad
Oahu,2020,0.6281128290929204,1523.6624558610033,14.130882285297492,0.0,2392.6209884832087,0.0,375.1848000000005,1308.6078574474898,1950.9131652173542,0.6439174056878351,0.0
Oahu,2025,0.41874188606194696,1471.9792525945684,27.67966630126567,0.0,1613.5792580485827,0.0,375.1848000000005,1997.4190671011,1944.5344905047016,64.80215957972915,0.0
Oahu,2030,0.0,1455.9440711798359,8.589820360078848,0.0,1433.647164343867,0.0,375.1848000000005,2137.3054943019342,1936.1738208895092,131.45195080812638,0.0
Oahu,2035,0.41874188606194696,1360.313289471035,6.053437617747338,0.0,1154.8679303253696,0.0,375.1848000000005,2880.382097259174,1937.216737273504,366.77090604776606,0.0
Oahu,2040,0.0,1296.4696446985004,0.35916250000000005,0.0,953.976627148067,0.0,375.1848000000005,3578.62548801863,2010.3273678088517,758.2151155828057,0.0
Oahu,2045,45.08811708147963,0.0,0.0,0.0,0.0,364.025846094869,375.1848000000005,5956.436707108167,2038.5948179884522,2024.7019897886066,0.0
