load_zone,period,Biodiesel,Coal,Diesel,LNG,LSFO,Motor_Diesel,Motor_Gasoline,Pellet-Biomass,Battery,MSW,SUN,WND
Oahu,2020,8.719523221919168,1416.1449163243428,20.86556605086323,0.0,3104.5753579843185,0,0,0,0.2398453290222907,374.92800000000045,1597.4023345559276,1414.6178571176365
Oahu,2025,9.766136238917674,0,53.89205013810475,0.0,3823.950792250009,0,0,0,15.847271853216292,374.92800000000045,2194.869132602872,1826.4481528241338
Oahu,2030,5.01195558046761,0,22.05509105708474,0.0,2494.665996214888,0,0,0,742.3270143457465,374.92800000000045,3847.72111262097,1903.1698237495161
Oahu,2035,1.88507263383769,0,14.358042354376956,0.0,2385.5111050268856,0,0,0,898.4863534279846,374.92800000000045,4277.069683505191,1902.4360757947536
Oahu,2040,2.1008849093519975,0,9.437030398127174,0.0,2106.6174961190973,0,0,0,1232.7528259147564,374.92800000000045,5059.080737564242,1901.1742664248509
Oahu,2045,513.9295727704991,0,0.0,0.0,0.0,0,0,0,2362.614365339044,374.92800000000045,7586.191673945546,1707.9262718200912
