load_zone,period,Biodiesel,Coal,Diesel,LNG,LSFO,Motor_Diesel,Motor_Gasoline,Pellet-Biomass,Battery,MSW,SUN,WND
Oahu,2020,8.505612910806056,1418.119166610168,11.061336950364138,0.0,3047.998029042241,0,0,0,63.398346091556036,374.92800000000045,1597.4023345559274,1486.2566863813377
Oahu,2025,4.770425607760672,0,30.047322510408332,0.0,3696.644094533031,0,0,0,95.68867579254838,374.92800000000045,2342.2709328720266,1844.0647556351792
Oahu,2030,4.04867877909931,0,28.88222546674171,0.0,2440.008035872885,0,0,0,811.7327985631865,374.92800000000045,3960.7774303810634,1846.6193625250814
Oahu,2035,2.565930036357634,0,18.413781850310844,0.0,2377.10622624931,0,0,0,933.0171023236704,374.92800000000045,4340.051483396604,1846.9593076597687
Oahu,2040,4.3451285544827005,0,11.898152103176468,0.0,2053.8952264248487,0,0,0,1305.0443298406979,374.92800000000045,5173.511342381385,1842.792955276876
Oahu,2045,537.4748522901283,0,0.0,0.0,0.0,0,0,0,2392.3532000546215,374.92800000000045,7618.791545318136,1655.0854358962586
