load_zone,period,Biodiesel,Coal,Diesel,LNG,LSFO,Pellet-Biomass,MSW,SUN,WND,Battery
Oahu,2020,1.0468547151548675,1506.830591983545,15.22153519537456,0.0,2300.4475858389324,0.0,375.1848000000005,1446.5581501272086,1920.370937344716,0.0
Oahu,2025,0.013213656645242376,1476.8790185081396,27.889681207497595,0.0,1609.7284483517412,0.0,375.1848000000005,2038.4611407509283,1904.1087505803414,75.58052145209939
Oahu,2030,0.41874188606194745,1453.5368827194718,8.783005927778888,0.0,1424.3431886202204,0.0,375.1848000000005,2180.13797069855,1916.7214189584158,221.5114275348245
Oahu,2035,0.20937094303097348,1395.147114049224,5.775808560778311,0.0,1174.6800499022725,0.0,375.1848000000005,2860.99810355652,1910.2874592142289,424.305836934585
Oahu,2040,0.0,1294.884111907694,0.0,0.0,947.2430128691537,0.0,375.1848000000005,3587.3757579959633,2021.7806944972817,842.7338876204113
Oahu,2045,19.93400575,0.0,0.0,0.0,0.0,320.9711004929999,375.1848000000005,6135.785804374116,1922.7118749834608,1989.92217019086
