load_zone,period,AES,Airport_DSG,Battery_4,Battery_6,Battery_Conting,Battery_Reg,CC_152,CIP_CT,CentralTrackingPV,FlatDistPV,H-Power,Honolulu_8,Honolulu_9,IC_Schofield,Kahe_1,Kahe_2,Kahe_3,Kahe_4,Kahe_5,Kahe_6,Kalaeloa_CC1,Kalaeloa_CC2,Kalaeloa_CC3,OnshoreWind,SlopedDistPV,Waiau_10,Waiau_6,Waiau_7,Waiau_8,Waiau_9,UnservedLoad
Oahu,2020,1523.6624558610033,1.4609999999999999,0.6439174056878351,0.0,0.0,0.0,963.8168427663722,0.0,435.9460182030561,367.8497901641662,375.1848000000005,21.30625469844207,9.97967788211255,36.79619851692664,0.0,26.80935000000001,164.02561183819742,0.0,110.78308312665494,6.62451736794555,372.5162018095543,639.3969601097185,51.00099605767623,1950.9131652173542,504.8120490802649,2.8632894239931503,0.0,0.0,0.0,0.0,0.0
Oahu,2025,1471.9792525945684,0.974,64.80215957972915,0.0,0.0,0.0,583.2290958768099,0.0,1154.404089859866,357.191355941149,375.1848000000005,0,0,35.71388173970106,0,0,0,0,100.11067054370918,6.847703728814912,477.5643749999997,406.9726279304308,18.749499999999998,1944.5344905047016,485.82362130008386,9.25559266208554,0,0,0,2.26021875436173,0.0
Oahu,2030,1455.9440711798359,0.0,56.013515613932626,75.43843519419376,0.0,0.0,515.5996917599331,4.9243673575393245,1288.3149058482875,364.06860656604147,375.1848000000005,0,0,48.378230165266665,0,0,0,0,11.879541603398575,0.0,265.80937204185534,572.415959576793,23.229822199162808,1936.1738208895092,484.92198188760227,0.0,0,0,0,0.0,0.0
Oahu,2035,1360.313289471035,0.974,33.02656336906164,333.74434267870447,0.0,0.0,362.2846955501105,0.0,2039.1074506229656,356.2447053780815,375.1848000000005,0,0,17.8971946768,0,0,0,0,0.0,0.0,319.6009291139759,452.0712158649188,8.51207462337746,1937.216737273504,485.02994125812546,0.0,0,0,0,0.0,0.0
Oahu,2040,1296.4696446985004,0.0,0.0,667.0835580518659,87.01268476883536,4.118872762104582,231.12787670781645,0.0,3457.42432956541,121.20115845321989,375.1848000000005,0,0,12.901830211499998,0,0,0,0,0.0,0.0,517.513591721414,192.4333285073383,0.0,2010.3273678088517,8.764892065967976e-13,0.3591625,0,0,0,0.0,0.0
Oahu,2045,364.025846094869,0.0,0.0,2024.7019897886066,0.0,0.0,45.08811708147963,0.0,2972.8158647186497,2470.1644147290835,375.1848000000005,0,0,0.0,0,0,0,0,0,0,0.0,0.0,0.0,2038.5948179884522,513.4564276604304,0.0,0,0,0,0.0,0.0
