scenario,max_demand_response_share,total_cost,cost_per_kwh,cost_per_kwh_2020,cost_per_kwh_2025,cost_per_kwh_2030,cost_per_kwh_2035,cost_per_kwh_2040,cost_per_kwh_2045,renewable_share_all_years,renewable_share_2020,renewable_share_2025,renewable_share_2030,renewable_share_2035,renewable_share_2040,renewable_share_2045,biofuel_share_all_years,biofuel_share_2020,biofuel_share_2025,biofuel_share_2030,biofuel_share_2035,biofuel_share_2040,biofuel_share_2045
dr_bulk_and_reserves_long,0.1,18505197551.405487,0.12279662503520572,0.12492599846861614,0.12917997623793553,0.12480784605127244,0.12329216217030882,0.12115733275515138,0.10808930528890238,0.7167585161198562,0.4356665429994429,0.5501161883922782,0.7143601463369835,0.7323572188006454,0.7813164645907139,0.9999999999999976,0.010138012593159672,0.00031042933314824806,8.427531749398876e-05,7.517668124523202e-05,0.0,0.0001154684354072612,0.05276458737391753
