scenario,max_demand_response_share,total_cost,cost_per_kwh,cost_per_kwh_2020,cost_per_kwh_2025,cost_per_kwh_2030,cost_per_kwh_2035,cost_per_kwh_2040,cost_per_kwh_2045,renewable_share_all_years,renewable_share_2020,renewable_share_2025,renewable_share_2030,renewable_share_2035,renewable_share_2040,renewable_share_2045,biofuel_share_all_years,biofuel_share_2020,biofuel_share_2025,biofuel_share_2030,biofuel_share_2035,biofuel_share_2040,biofuel_share_2045
dr_bulk_and_reserves_long,0.1,16264057624.434969,0.1215162360855277,0.12141380232746479,0.1218775199041436,0.1251264389897314,0.12682033967302223,0.11521997155327494,0.11682748835300748,0.6872543516137027,0.48041590821377916,0.5809793160761461,0.6055203303733674,0.6731254156018008,0.7260108305511261,1.000000000000001,0.008694914165599933,0.0,0.0,0.0,0.0,0.0,0.04659967785046499
