load_zone,period,AES,Airport_DSG,Battery_4,Battery_6,Battery_Conting,Battery_Reg,CC_152,CIP_CT,CentralTrackingPV,FlatDistPV,H-Power,Honolulu_8,Honolulu_9,IC_Schofield,Kahe_1,Kahe_2,Kahe_3,Kahe_4,Kahe_5,Kahe_6,Kalaeloa_CC1,Kalaeloa_CC2,Kalaeloa_CC3,OnshoreWind,SlopedDistPV,Waiau_10,Waiau_6,Waiau_7,Waiau_8,Waiau_9,hydro,batteries,fuel cells
Oahu,2020,180.0,8.0,44.1197018793,0.0,180.0,120.478496091,150.586,0.0,72.8919679132,180.264,73.0,53.4,54.4,48.84,0.0,0.0,86.1,85.3,134.3,0.0,90.0,90.0,28.0,686.6245908658,263.736,0.0,53.5,0.0,86.1,0.0,0,0.0,0
Oahu,2025,180.0,0.0,69.38957146210001,25.2887977088,180.0,175.7856737398,150.586,0.0,284.7259870294,180.264,73.0,0.0,0.0,48.84,0.0,0.0,0.0,0.0,134.3,134.4,90.0,90.0,28.0,686.6245908658,263.736,49.9,0.0,0.0,0.0,52.9,0,0.0,0
Oahu,2030,180.0,0.0,69.38957146210001,138.8854438428,180.0,193.1548292615,150.586,0.0,382.72832964766,180.264,73.0,0.0,0.0,48.84,0.0,0.0,0.0,0.0,134.3,0.0,90.0,90.0,28.0,686.6245908658,263.736,49.9,0.0,0.0,0.0,52.9,0,0.0,0
Oahu,2035,180.0,0.0,25.2698695828,261.30048264879997,73.0,356.7605683685,150.586,0.0,543.51929723006,180.264,73.0,0.0,0.0,48.84,0.0,0.0,0.0,0.0,134.3,0.0,90.0,90.0,28.0,698.5639617518,263.736,49.9,0.0,0.0,0.0,52.9,0,0.0,0
Oahu,2040,180.0,0.0,0.0,671.0568618780001,73.0,464.20788865969996,150.586,0.0,1326.8248038005602,0.0,73.0,0.0,0.0,48.84,0.0,0.0,0.0,0.0,0.0,0.0,90.0,90.0,28.0,694.49943441991,0.0,0.0,0.0,0.0,0.0,0.0,0,0.0,0
Oahu,2045,180.0,0.0,0.0,1479.3865634990002,73.0,724.0726190529999,150.586,0.0,1272.21055961776,1287.208244257,73.0,0.0,0.0,0.0,0.0,0.0,0.0,0.0,0.0,0.0,0.0,0.0,28.0,703.58768306551,258.601403755,0.0,0.0,0.0,0.0,0.0,0,0.0,0
