load_zone,period,Battery,Biodiesel/Coal/Diesel/LNG/LSFO/Pellet-Biomass,Biodiesel/Diesel/LNG,Biodiesel/Diesel/LNG/LSFO,MSW,SUN,WND,hydro,batteries,fuel cells
Oahu,2020,373.23873505740005,180.0,8.0,874.426,73.0,502.825711287,696.3911540979,0,0.0,0
Oahu,2025,442.82343128605,180.0,223.8,676.126,73.0,705.5021833024,696.3911540979,0,0.0,0
Oahu,2030,604.18587890025,180.0,110.8,541.726,73.0,821.0807233034,698.79883964651,0,0.0,0
Oahu,2035,706.97445439095,180.0,102.8,541.726,73.0,974.0342235933,713.59706679101,0,0.0,0
Oahu,2040,1209.4086193143,180.0,0.0,407.42600000000004,73.0,1328.51315301882,692.82316346442,0,0.0,0
Oahu,2045,2276.4591825501,180.0,0.0,178.586,73.0,2818.0202076297196,703.5876830654199,0,0.0,0
