PERIOD,SystemCostPerPeriod_NPV,SystemCostPerPeriod_Real,EnergyCostReal_per_MWh,SystemDemand_MWh
2020,3884145705.8474708,954567624.6461079,25.525290170271752,37396935.285689846
2025,3346096077.5353217,953313444.2944145,26.42843715637908,36071502.77761739
2030,2955117538.781761,976018824.390955,28.055613211059143,34788718.28779781
2035,2723978411.5581546,1042973368.794042,29.368600799700545,35513212.764452726
2040,2294794998.0764666,1018590393.8723804,27.716227955263093,36750686.11488159
2045,2141708982.0955126,1102052446.7653825,29.27429476967498,37645738.53738025
