PERIOD,EnergyCostReal_per_MWh,SystemCostPerPeriod_NPV,SystemCostPerPeriod_Real,SystemDemand_MWh
2020,25.4932605158923,3879271800.646478,953369813.7340565,37396935.285689846
2025,26.425918928415044,3345777245.4885025,953222608.0274152,36071502.77761739
2030,28.024097566951507,2951797973.746848,974922435.526436,34788718.28779781
2035,29.3490108963946,2722161420.8865914,1042277668.3899028,35513212.764452726
2040,27.732831289280195,2296169689.0306373,1019200577.7893034,36750686.11488159
2045,29.29202791057742,2143006339.6390617,1102720023.9512422,37645738.53738025
