PERIOD,EnergyCostReal_per_MWh,SystemCostPerPeriod_NPV,SystemCostPerPeriod_Real,SystemDemand_MWh
2020,25.555345733992002,3888719216.5869555,955691610.6171571,37396935.285675295
2025,26.3778475301285,3339690940.9406962,951488600.4505115,36071502.7776141
2030,27.97128718863557,2946235419.329772,973085230.1525328,34788718.287797876
2035,29.318763868235536,2719355967.120436,1041203499.2433826,35513212.76445221
2040,27.760558691786528,2298465409.237862,1020219578.8556548,36750686.11488376
2045,29.290424245975718,2142889015.450236,1102659652.8128471,37645738.53737691
