load_zone,period,Biodiesel,Coal,Diesel,LNG,LSFO,Pellet-Biomass,MSW,SUN,WND,Battery,UnservedLoad
Oahu,2020,0.20937094303097348,1462.7959967791178,15.198749261322433,0.0,2498.20022623188,0.0,375.1848000000005,1038.550121588883,2186.248905276126,78.66990908663549,0.0
Oahu,2025,0.20937094303097348,1389.1191179073464,26.264075434146143,0.0,1915.435695429724,0.0,375.1848000000005,1557.819728392777,2183.1745819344483,185.15751268615077,0.0
Oahu,2030,0.20937094303097348,1371.3202355972091,8.575379914030066,0.0,1566.8589947619723,0.0,375.1848000000005,1881.6462060573524,2185.116566977386,439.938760764967,0.0
Oahu,2035,0.09875308272209996,1352.8014324987232,10.45882781456551,0.0,1513.8686559412345,0.0,375.1848000000005,2288.992718695633,2214.7557854445668,672.7464634435552,0.0
Oahu,2040,0.0,1295.34004234056,0.0,0.0,1004.9993293958433,0.0,375.1848000000005,3512.09916334484,2131.3442837242064,1521.0616588786868,0.0
Oahu,2045,17.327947,0.0,0.0,0.0,0.0,323.60667040427757,375.1848000000005,6122.04756131222,2044.0044306695884,2778.870211285333,0.0
