load_zone,period,Biodiesel,Coal,Diesel,LNG,LSFO,Motor_Diesel,Motor_Gasoline,Pellet-Biomass,Battery,MSW,SUN,WND
Oahu,2020,8.283761287451568,1327.582012977063,33.111204349250094,0.0,3509.8976750417883,0,0,0,6.436436197994294,374.92800000000045,1586.437800840613,1097.701610855393
Oahu,2025,7.179374857172579,0,38.28279231326614,1.6067118596917954e-17,4533.057275625886,0,0,0,31.973046546443562,374.92800000000045,1590.1633623517716,1742.0352116496244
Oahu,2030,1.474437591548045,0,19.982656490454737,7.424597388064081e-17,3058.748956662673,0,0,0,682.6565235425116,374.92800000000045,3061.439574820999,2124.348299123554
Oahu,2035,4.092078296964585,0,20.41947010834106,0.0,2799.2193303670656,0,0,0,809.3579380695564,374.92800000000045,3400.18404447364,2347.4418988069788
Oahu,2040,2.3316900299463494,0,16.149278409565294,0.0,2552.5242900142607,0,0,0,1219.1517131489306,374.92800000000045,4139.701093350095,2366.192828860053
Oahu,2045,661.7728048421004,0,0.0,0.0,0.0,0,0,0,2930.559995015898,374.92800000000045,7022.335761156382,2187.0440225017187
