load_zone,period,AES,Airport_DSG,Battery_4,Battery_6,Battery_Conting,Battery_Reg,CC_152,CIP_CT,CentralTrackingPV,FlatDistPV,H-Power,Honolulu_8,Honolulu_9,IC_Schofield,Kahe_1,Kahe_2,Kahe_3,Kahe_4,Kahe_5,Kahe_6,Kalaeloa_CC1,Kalaeloa_CC2,Kalaeloa_CC3,OnshoreWind,SlopedDistPV,Waiau_10,Waiau_6,Waiau_7,Waiau_8,Waiau_9,UnservedLoad
Oahu,2020,1462.7959967791178,0.487,78.66990908663549,0.0,0.0,0.0,876.2248053004727,0.0,165.88828234445214,367.8497901641662,375.1848000000005,29.77687465065631,18.441828901800484,69.8331407115839,0.0,0.0,76.08772630848101,12.5950375,334.30958177088326,0.0,607.2607829807001,429.889346308817,54.240120359473735,2186.248905276126,504.8120490802649,0.0,4.4621016433588,0.0,0.0,0.0,0.0
Oahu,2025,1389.1191179073464,0.974,165.99474131649907,19.162771369651672,0.0,0.0,708.8538921110477,2.739375,712.4713709243364,354.0899343899057,375.1848000000005,0,0,61.45890886703797,0,0,0,0,121.39232886580753,104.4479518171549,526.879388109199,375.2210587105608,31.863829074508796,2183.1745819344483,491.2584230785332,6.6197014906662,0,0,0,1.458707760921025,0.0
Oahu,2030,1371.3202355972091,0.974,122.9468924747798,316.99186829018737,0.0,0.0,613.6132313805344,0.0,1033.9431588612447,358.2018497175274,375.1848000000005,0,0,47.351079928883955,0,0,0,0,38.277884239920084,0.0,425.3367084265962,413.6746910668242,34.089999999999996,2185.116566977386,489.50119747857843,2.3261505762778127,0,0,0,0.0,0.0
Oahu,2035,1352.8014324987232,0.0,55.253458824520635,529.9426444565099,11.731829999999999,75.8185301625245,565.5963846428332,0.0,1447.540253293289,355.98244459815095,375.1848000000005,0,0,64.65026145350811,0,0,0,0,12.421827706435337,0.0,525.046875,321.3263314676769,29.12660656807213,2214.7557854445668,485.470020804193,3.0376624999999997,0,0,0,3.2202875,0.0
Oahu,2040,1295.34004234056,0.0,0.0,1286.926544253926,35.19548999999999,198.939624624761,260.1598096325689,0.0,3496.1748968808083,15.92426646403109,375.1848000000005,0,0,39.589062975373984,0,0,0,0,0.0,0.0,415.14054135376426,290.1099154341387,0.0,2131.3442837242064,0.0,0.0,0,0,0,0.0,0.0
Oahu,2045,323.60667040427757,0.0,0.0,2778.870211285333,0.0,0.0,17.327947,0.0,3184.205091949924,2476.5504140829953,375.1848000000005,0,0,0.0,0,0,0,0,0,0,0.0,0.0,0.0,2044.0044306695884,461.2920552792993,0.0,0,0,0,0.0,0.0
