scenario,max_demand_response_share,total_cost,cost_per_kwh,cost_per_kwh_2020,cost_per_kwh_2025,cost_per_kwh_2030,cost_per_kwh_2035,cost_per_kwh_2040,cost_per_kwh_2045,renewable_share_all_years,renewable_share_2020,renewable_share_2025,renewable_share_2030,renewable_share_2035,renewable_share_2040,renewable_share_2045,biofuel_share_all_years,biofuel_share_2020,biofuel_share_2025,biofuel_share_2030,biofuel_share_2035,biofuel_share_2040,biofuel_share_2045
battery_bulk_long,0.0,17338184469.438118,0.12954153052909193,0.12601276773902859,0.1284327570455039,0.13302402648088776,0.13598906179283482,0.12564806513283588,0.12968241859730803,0.6742236337603975,0.47515831370435674,0.5527144479534352,0.6011639928859627,0.6290397170486733,0.7234825909724243,1.000000000000001,0.007197297990110818,0.0,0.0,0.0,0.0,0.0,0.03838415199283391
