component,npv_cost
TxFixedCosts,1936355.320281177
TotalGenFixedCosts,43196473.16723946
LocalTDFixedCosts,20500946.49573634
FuelCostsPerPeriod,28947523.6321649
GenVariableOMCostsInTP,15294421.44892693
