PERIOD,EnergyCostReal_per_MWh,SystemCostPerPeriod_NPV,SystemCostPerPeriod_Real,SystemDemand_MWh
2020,8.215880616926944,70691234.31824027,11523236.926812507,1402556.52
2030,6.79323961174924,39184485.74610851,12564952.6101213,1849626.0
