PERIOD,EnergyCostReal_per_MWh,SystemCostPerPeriod_NPV,SystemCostPerPeriod_Real,SystemDemand_MWh
2020,25.585924457190316,3893372335.733053,956835161.149723,37396935.285675295
2025,26.253063537131748,3323892079.016513,946987454.3005273,36071502.7776141
2030,27.952701696863173,2944277796.365329,972438664.7150226,34788718.287797876
2035,29.028197397805837,2692405524.4360433,1030884550.3567967,35513212.76445221
2040,27.493777349064317,2276376960.1225185,1010415181.4679636,36750686.11488376
2045,29.19154778046958,2135655207.9082115,1098937375.244903,37645738.53737691
