PERIOD,SystemCostPerPeriod_NPV,SystemCostPerPeriod_Real,EnergyCostReal_per_MWh,SystemDemand_MWh
2020,4180003057.398819,1027277525.5335257,25.965675262701343,39562904.30117059
2025,3904982701.5567403,1112542025.951993,27.07461333865242,41091705.06098047
2030,3367554019.5606856,1112238708.6503596,26.419005635858767,42099945.92456226
2035,2990280845.769493,1144936859.3081164,26.724637594635645,42841997.58570107
2040,2692755416.34173,1195233039.3052883,27.18634277028237,43964465.88659244
2045,2313772770.7643785,1190590768.6790874,26.47354698212441,44972846.64888326
