load_zone,period,Biodiesel,Coal,Diesel,LNG,LSFO,Motor_Diesel,Motor_Gasoline,Pellet-Biomass,Battery,MSW,SUN,WND
Oahu,2020,6.7482453967884295,1331.2415605227634,23.86568116647947,0.0,3518.35859913611,0,0,0,16.566649994128877,374.92800000000045,1590.120451674912,1093.8051067651863
Oahu,2025,5.766002888572142,0,17.88406985196473,1.236736145252791e-19,4501.1473942943285,0,0,0,115.42386806735524,374.92800000000045,1624.0687010424888,1771.1241622226937
Oahu,2030,6.300580484434225,0,21.022728748617695,0.0,3062.7704557147845,0,0,0,672.6292043175636,374.92800000000045,3083.480058614264,2091.3059545465794
Oahu,2035,3.0472187314168524,0,24.999337299542177,0.0,2759.905949110986,0,0,0,844.1857523887548,374.92800000000045,3425.9020728195856,2361.372001238039
Oahu,2040,3.1293999422212813,0,13.052464406343429,0.0,2557.779721404402,0,0,0,1236.51887412404,374.92800000000045,4150.357893985682,2354.5093854780494
Oahu,2045,667.9232173031046,0,0.0,0.0,0.0,0,0,0,2927.0558507205556,374.92800000000045,7019.6208174708545,2183.219204360105
