load_zone,land_class,load_zone_land_class_area
Oahu,A,64878814.539178
Oahu,B,104658021.787533
Oahu,C,60571419.0886471
Oahu,other,1321865974.83461
