PERIOD,EnergyCostReal_per_MWh,SystemCostPerPeriod_NPV,SystemCostPerPeriod_Real,SystemDemand_MWh
2020,25.49033120781188,3878826052.162298,953260266.5893413,37396935.285689846
2025,26.161404137341528,3312287111.371831,943681162.0064859,36071502.77761739
2030,27.896853867637837,2938395305.10038,970495790.3171154,34788718.28779781
2035,28.84689050346635,2675589058.8027434,1024445760.0424714,35513212.764452726
2040,27.16595323367865,2249234408.7820597,998367420.3024766,36750686.11488159
2045,28.370419420482097,2075581412.8648293,1068025391.699284,37645738.53738025
