PERIOD,EnergyCostReal_per_MWh,SystemCostPerPeriod_NPV,SystemCostPerPeriod_Real,SystemDemand_MWh
2020,25.463411080186894,3874729656.099552,952253536.3182966,37396935.285675295
2025,26.084117227533824,3302501840.141825,940893307.0245982,36071502.7776141
2030,27.76860971485782,2924887257.9842725,966034340.613996,34788718.287797876
2035,28.805831621560785,2671780790.622812,1022987627.2334737,35513212.76445221
2040,27.15882743735537,2248644420.7872033,998105542.39854,36750686.11488376
2045,28.377636388058903,2076109406.601278,1068297079.7736183,37645738.53737691
