PERIOD,SystemCostPerPeriod_NPV,SystemCostPerPeriod_Real,EnergyCostReal_per_MWh,SystemDemand_MWh
2020,3878826052.162298,953260266.5893413,25.49033120781188,37396935.285689846
2025,3312287111.371831,943681162.0064859,26.161404137341528,36071502.77761739
2030,2938395305.10038,970495790.3171154,27.896853867637837,34788718.28779781
2035,2675589058.8027434,1024445760.0424714,28.84689050346635,35513212.764452726
2040,2249234408.7820597,998367420.3024766,27.16595323367865,36750686.11488159
2045,2075581412.8648293,1068025391.699284,28.370419420482097,37645738.53738025
