load_zone,period,Biodiesel,Coal,Diesel,LNG,LSFO,Motor_Diesel,Motor_Gasoline,Pellet-Biomass,Battery,MSW,SUN,WND
Oahu,2020,5.112190159386599,1343.7468163429203,22.826331230645977,0.0,3182.810350033339,0,0,0,45.20343877118336,374.92800000000045,1589.3955529846592,1423.4302693309496
Oahu,2025,5.2558812206055014,0,14.378518355068787,0.0,4190.682506687963,0,0,0,143.48909003650934,374.92800000000045,1814.762784658552,1898.0289973744375
Oahu,2030,4.708479084401554,0,22.14664826180259,0.0,2512.6629154141037,0,0,0,1223.0454207021671,374.92800000000045,3891.687161958964,1894.831930765481
Oahu,2035,3.721223878769308,0,15.845725060183343,0.0,2318.192977729639,0,0,0,1548.631543180505,374.92800000000045,4422.372610000723,1893.3657970626675
Oahu,2040,3.0707639249931553,0,12.75781601921431,0.0,2095.659228299666,0,0,0,1970.8145406307606,374.92800000000045,5156.868592845611,1892.0608715168553
Oahu,2045,501.95903513280547,0,0.0,0.0,0.0,0,0,0,3246.3169489996008,374.92800000000045,7579.689049345731,1824.588610019868
