load_zone,period,Biodiesel,Coal,Diesel,LNG,LSFO,Motor_Diesel,Motor_Gasoline,Pellet-Biomass,Battery,MSW,SUN,WND
Oahu,2020,5.199768611088886,1355.3283530435106,20.22902863146634,0.0,3167.5995448138724,0,0,0,94.99484544785224,374.92800000000045,1592.2311103806226,1432.2660831209707
Oahu,2025,5.358476071470872,0,16.540136592164437,0.0,4210.153990911621,0,0,0,141.62161038178732,374.92800000000045,1799.6504032302184,1891.1981837517428
Oahu,2030,5.224678325188448,0,13.80578369805864,0.0,2513.16549723605,0,0,0,1226.0679043878563,374.92800000000045,3905.9215069827155,1888.2555007633662
Oahu,2035,3.783526017056396,0,16.178280622525797,0.0,2383.5669268299366,0,0,0,1482.7275848354664,374.92800000000045,4354.719823260193,1887.9271149639453
Oahu,2040,3.0003782163659802,0,8.321096315682462,0.0,2062.746614127615,0,0,0,2022.4966875393598,374.92800000000045,5207.431735421594,1884.6599092927013
Oahu,2045,500.629721353689,0,0.0,0.0,0.0,0,0,0,3245.0388314906218,374.92800000000045,7576.292132831609,1829.172827256531
