load_zone,period,Biodiesel,Coal,Diesel,LNG,LSFO,Pellet-Biomass,MSW,SUN,WND,Battery,UnservedLoad
Oahu,2020,0.20937094303097348,1465.5570863773826,14.571918989518645,0.0,2531.4472422850617,0.0,375.1848000000005,1103.8558715579875,2088.3869266097186,99.38691809261448,0.0
Oahu,2025,0.0,1434.5356779551453,31.082458217673242,0.0,1742.0184066247443,0.0,375.1848000000005,1804.2131861291623,2076.041714312603,301.5292494677971,0.0
Oahu,2030,0.0,1449.8542449733047,13.062011304397297,0.0,1628.130168871133,0.0,375.1848000000005,1846.6307048364997,2071.7875774193567,408.6837505582001,0.0
Oahu,2035,0.0,1405.8248571438137,6.575667003809285,0.0,1246.7037056855497,0.0,375.1848000000005,2759.819180765244,1994.7559908539326,912.5701352613294,0.0
Oahu,2040,0.0,1298.8607304216894,0.0,0.0,960.2118225141743,0.0,375.1848000000005,3655.7447403874035,2030.265467406637,1530.5945663247917,0.0
Oahu,2045,17.327947,0.0,0.0,0.0,0.0,322.68856813600786,375.1848000000005,6203.254866841457,1974.7305578042003,2859.6493008522157,0.0
