load_zone,period,AES,Airport_DSG,Battery_4,Battery_6,Battery_Conting,Battery_Reg,CC_152,CIP_CT,CentralTrackingPV,FlatDistPV,H-Power,Honolulu_8,Honolulu_9,IC_Schofield,Kahe_1,Kahe_2,Kahe_3,Kahe_4,Kahe_5,Kahe_6,Kalaeloa_CC1,Kalaeloa_CC2,Kalaeloa_CC3,OnshoreWind,SlopedDistPV,Waiau_10,Waiau_6,Waiau_7,Waiau_8,Waiau_9,UnservedLoad
Oahu,2020,1465.5570863773826,0.487,99.38691809261448,0.0,0.0,0.0,869.2475234385829,0.0,231.40534770602443,367.8497901641662,375.1848000000005,37.99835974290211,19.48524887255271,71.86773396951241,0.0,16.24293819162065,143.6472180734263,0.0,309.4928857157371,0.0,510.9742208106131,523.0360088587335,42.05098204391968,2088.3869266097186,504.6007336877975,1.6984124999999999,0.0,0.0,0.0,0.0,0.0
Oahu,2025,1434.5356779551453,0.0,153.51490533975158,148.0143441280456,0.0,0.0,674.8513636941751,0.0,957.598782022826,363.05178038996416,375.1848000000005,0,0,42.52034014300466,0,0,0,0,108.15300921651829,0.0,573.8654415972646,329.3066428193729,24.317968162029793,2076.041714312603,483.56262371637104,11.761130668713225,0,0,0,8.324968541341448,0.0
Oahu,2030,1449.8542449733047,0.0,121.42463838382908,287.2591121743708,0.0,0.0,619.3985142139202,0.0,990.004521850681,359.64972022955993,375.1848000000005,0,0,40.572486631868074,0,0,0,0,34.301714096086236,0.0,446.5181249999998,462.62408380677033,34.08514734253265,2071.7875774193567,496.97646275625686,3.3329465843566126,0,0,0,0.3591625,0.0
Oahu,2035,1405.8248571438137,0.0,38.46083176649243,874.1093034948369,0.0,0.0,425.2799529557672,0.0,1899.7765731972506,363.8610624705156,375.1848000000005,0,0,16.1143365716,0,0,0,0,0.0,0.0,421.86375000000015,381.86373403469133,7.0801116273043405,1994.7559908539326,496.18154509747677,0.0,0,0,0,1.0774875,0.0
Oahu,2040,1298.8607304216894,0.0,0.0,1421.446059736993,109.14850658779945,0.0,187.00666506841154,0.0,3400.533681765904,255.21105862150074,375.1848000000005,0,0,5.309900282,0,0,0,0,0.0,0.0,400.7261505809487,367.16910658281483,0.0,2030.265467406637,8.598485255183653e-13,0.0,0,0,0,0.0,0.0
Oahu,2045,322.68856813600786,0.0,0.0,2859.6493008522157,0.0,0.0,17.327947,0.0,3153.693036919882,2466.2626338264745,375.1848000000005,0,0,0.0,0,0,0,0,0,0,0.0,0.0,0.0,1974.7305578042003,583.2991960950994,0.0,0,0,0,0.0,0.0
