scenario,max_demand_response_share,total_cost,cost_per_kwh,cost_per_kwh_2020,cost_per_kwh_2025,cost_per_kwh_2030,cost_per_kwh_2035,cost_per_kwh_2040,cost_per_kwh_2045,renewable_share_all_years,renewable_share_2020,renewable_share_2025,renewable_share_2030,renewable_share_2035,renewable_share_2040,renewable_share_2045,biofuel_share_all_years,biofuel_share_2020,biofuel_share_2025,biofuel_share_2030,biofuel_share_2035,biofuel_share_2040,biofuel_share_2045
battery_bulk_and_reg_long,0.0,19193106347.147144,0.12736144409290265,0.1280734492585949,0.13433755543243986,0.12864130080616432,0.1275975520770801,0.126376412011123,0.11471745919832445,0.7065102194599208,0.4277968054607349,0.4900156031236099,0.7091489929290988,0.7336203188469458,0.7826744809645911,0.9999999999999974,0.00936936801882432,7.681500944664704e-05,3.4851096476680305e-05,0.00016248262003326877,5.4318603686569284e-05,5.7251841412689236e-05,0.04869454497531333
