PERIODS_1,AnnualEmissions
2020,86120.99508574438
2030,72662.01545714407
