TRANS_BLD_YRS_1,TRANS_BLD_YRS_2,BuildTx
C-S,2020,5.79536722909973
C-S,2030,0.0
N-C,2020,2.53008692414538
N-C,2030,0.0
