PERIOD,SystemCostPerPeriod_NPV,SystemCostPerPeriod_Real,EnergyCostReal_per_MWh,SystemDemand_MWh
2020,83661166.41975187,13827877.436611997,9.859051838147668,1402556.52
2030,43089325.68703197,11600969.759274267,6.272062438176294,1849626.0
