TIMEPOINTS_1,FuelCostsPerTP
1,195.54299099236624
2,195.54299099236624
3,195.54299099236624
4,195.54299099236624
5,195.54299099236624
6,195.54299099236624
7,177.60936001321056
