TIMEPOINTS_1,GenVariableOMCostsInTP
1,184.08732933319294
2,184.08732933319294
3,184.08732933319294
4,184.08732933319294
5,184.08732933319294
6,184.08732933319294
7,49.54488742969297
