PERIODS_1,LocalTDFixedCosts
2020,2033255.121436115
2030,2139926.7581837387
