PERIODS_1,SystemCostPerPeriod
2020,83661166.41975188
2030,43089325.68703197
