PERIODS_1,TotalGenFixedCosts
2020,8104549.621150055
2030,7107566.450826373
