PERIODS_1,TxFixedCosts
2020,362242.4171796634
2030,362242.4171796634
